{"max": [-0.0251795, 0.869537, 0.683739], "centroid": [-0.2812869919672131, 0.3753168840819665, 0.36110214393442797], "id": "f3c0ab68f3dab6071b17743c18fb63dc", "numVertices": 610, "min": [-0.555631, -0.00011201, -0.0238]}
